file,mse,ssim,anom_fix,anom_dyn,anom_pct
50_1_preprocessed,0.42398390953011283,0.6447541707405292,468,36,26
50_2_preprocessed,0.44876399997619276,0.5393574570816901,465,33,26
50_1_preprocessed,1.8367164487026728,-0.014078272520045385,510,0,26
50_2_preprocessed,1.66436002386294,-0.010832021595024319,511,0,26
