file,mse,ssim,anomalies_detected
noisy,0.10389813492555988,0.006688732306642557,379
clean,0.10403368170531388,0.018575888779365703,386
defected,0.10389813492555988,0.006688732306642557,379
1310_40ns,5156.5493,0.29567550712236795,512
