file,mse,ssim,anomaly
100601_12015_15_preprocessed.npy,0.36070753555860785,0.4977422912452471,True
1550_20ns_preprocessed.npy,0.3023109078794771,0.5063423885494084,True
